{"city":"Bengaluru, India","aoi":{"w":77.45,"s":12.82,"e":77.78,"n":13.16},"epochs":{"2020":{"grid":{"x0":77.45,"y0":12.82,"dx":0.014999999999999923,"dy":0.015454545454545448,"nx":22,"ny":22},"classes":["built_up","vegetation","water","cropland","bare","road"],"colors":["#FA0000","#1E9D2D","#1A5BAB","#FFEE00","#B4B4B4","#FF8C00"],"cells":[[0,0,1,0.882],[0,1,3,0.881],[0,2,1,0.754],[0,3,1,0.777],[0,4,0,0.8],[0,5,0,0.851],[0,6,1,0.756],[0,7,4,0.708],[0,8,2,0.789],[0,9,1,0.823],[0,10,1,0.891],[0,11,3,0.787],[0,12,4,0.794],[0,13,1,0.822],[0,14,1,0.871],[0,15,3,0.807],[0,16,1,0.744],[0,17,3,0.865],[0,18,3,0.869],[0,19,1,0.76],[0,20,3,0.78],[0,21,0,0.774],[1,0,3,0.8],[1,1,3,0.79],[1,2,3,0.746],[1,3,1,0.748],[1,4,1,0.808],[1,5,3,0.786],[1,6,4,0.723],[1,7,4,0.713],[1,8,4,0.832],[1,9,1,0.829],[1,10,3,0.776],[1,11,1,0.868],[1,12,2,0.809],[1,13,4,0.673],[1,14,3,0.866],[1,15,1,0.779],[1,16,1,0.771],[1,17,3,0.87],[1,18,1,0.871],[1,19,1,0.807],[1,20,3,0.842],[1,21,4,0.769],[2,0,3,0.732],[2,1,1,0.811],[2,2,3,0.824],[2,3,3,0.818],[2,4,4,0.681],[2,5,0,0.876],[2,6,4,0.808],[2,7,4,0.673],[2,8,3,0.759],[2,9,0,0.884],[2,10,0,0.899],[2,11,1,0.883],[2,12,1,0.81],[2,13,3,0.846],[2,14,1,0.757],[2,15,3,0.787],[2,16,3,0.879],[2,17,3,0.764],[2,18,1,0.89],[2,19,1,0.763],[2,20,3,0.773],[2,21,1,0.839],[3,0,3,0.826],[3,1,3,0.792],[3,2,3,0.851],[3,3,1,0.859],[3,4,1,0.788],[3,5,1,0.889],[3,6,3,0.739],[3,7,1,0.864],[3,8,0,0.925],[3,9,0,0.855],[3,10,0,0.861],[3,11,0,0.907],[3,12,0,0.877],[3,13,0,0.79],[3,14,3,0.703],[3,15,1,0.897],[3,16,1,0.867],[3,17,3,0.742],[3,18,3,0.894],[3,19,1,0.77],[3,20,4,0.798],[3,21,4,0.737],[4,0,1,0.77],[4,1,1,0.866],[4,2,3,0.71],[4,3,1,0.836],[4,4,1,0.855],[4,5,3,0.831],[4,6,0,0.783],[4,7,0,0.83],[4,8,0,0.906],[4,9,0,0.899],[4,10,0,0.883],[4,11,0,0.914],[4,12,2,0.952],[4,13,4,0.661],[4,14,1,0.783],[4,15,1,0.776],[4,16,3,0.87],[4,17,1,0.809],[4,18,4,0.734],[4,19,1,0.857],[4,20,3,0.703],[4,21,1,0.855],[5,0,0,0.835],[5,1,0,0.707],[5,2,4,0.792],[5,3,3,0.838],[5,4,1,0.834],[5,5,0,0.871],[5,6,0,0.915],[5,7,0,0.813],[5,8,0,0.874],[5,9,0,0.879],[5,10,0,0.889],[5,11,1,0.723],[5,12,4,0.8],[5,13,4,0.742],[5,14,1,0.805],[5,15,1,0.743],[5,16,3,0.77],[5,17,1,0.746],[5,18,1,0.789],[5,19,1,0.792],[5,20,3,0.763],[5,21,1,0.787],[6,0,1,0.766],[6,1,1,0.797],[6,2,2,0.867],[6,3,1,0.755],[6,4,0,0.903],[6,5,3,0.806],[6,6,4,0.694],[6,7,0,0.829],[6,8,0,0.91],[6,9,0,0.943],[6,10,0,0.889],[6,11,5,0.713],[6,12,4,0.754],[6,13,4,0.664],[6,14,0,0.914],[6,15,5,0.753],[6,16,4,0.741],[6,17,5,0.755],[6,18,0,0.883],[6,19,0,0.867],[6,20,3,0.782],[6,21,1,0.762],[7,0,4,0.7],[7,1,1,0.762],[7,2,3,0.732],[7,3,4,0.701],[7,4,0,0.904],[7,5,1,0.795],[7,6,1,0.863],[7,7,0,0.94],[7,8,0,0.931],[7,9,0,0.884],[7,10,0,0.914],[7,11,0,0.881],[7,12,0,0.821],[7,13,0,0.798],[7,14,0,0.795],[7,15,0,0.91],[7,16,0,0.863],[7,17,0,0.857],[7,18,4,0.689],[7,19,0,0.882],[7,20,3,0.801],[7,21,3,0.752],[8,0,3,0.837],[8,1,3,0.708],[8,2,1,0.874],[8,3,2,0.793],[8,4,5,0.756],[8,5,1,0.756],[8,6,0,0.8],[8,7,4,0.772],[8,8,0,0.958],[8,9,0,0.951],[8,10,0,0.906],[8,11,5,0.842],[8,12,0,0.92],[8,13,0,0.869],[8,14,4,0.711],[8,15,0,0.82],[8,16,2,0.976],[8,17,0,0.862],[8,18,0,0.879],[8,19,0,0.893],[8,20,1,0.81],[8,21,3,0.794],[9,0,4,0.74],[9,1,3,0.768],[9,2,1,0.763],[9,3,1,0.837],[9,4,0,0.817],[9,5,0,0.818],[9,6,1,0.805],[9,7,0,0.911],[9,8,0,0.951],[9,9,0,0.912],[9,10,0,0.902],[9,11,0,0.903],[9,12,0,0.928],[9,13,0,0.843],[9,14,2,0.964],[9,15,0,0.891],[9,16,1,0.806],[9,17,0,0.891],[9,18,0,0.856],[9,19,0,0.856],[9,20,1,0.817],[9,21,4,0.699],[10,0,4,0.706],[10,1,1,0.898],[10,2,1,0.741],[10,3,3,0.837],[10,4,3,0.738],[10,5,3,0.708],[10,6,2,0.954],[10,7,0,0.871],[10,8,0,0.873],[10,9,0,0.931],[10,10,0,0.933],[10,11,1,0.847],[10,12,0,0.922],[10,13,0,0.912],[10,14,0,0.94],[10,15,0,0.784],[10,16,1,0.839],[10,17,4,0.772],[10,18,1,0.846],[10,19,3,0.851],[10,20,1,0.858],[10,21,3,0.738],[11,0,1,0.899],[11,1,1,0.853],[11,2,1,0.807],[11,3,3,0.79],[11,4,1,0.82],[11,5,0,0.815],[11,6,3,0.723],[11,7,0,0.925],[11,8,0,0.912],[11,9,0,0.906],[11,10,0,0.932],[11,11,0,0.908],[11,12,0,0.937],[11,13,0,0.927],[11,14,0,0.871],[11,15,0,0.79],[11,16,1,0.841],[11,17,4,0.837],[11,18,3,0.867],[11,19,1,0.777],[11,20,4,0.7],[11,21,4,0.766],[12,0,0,0.934],[12,1,0,0.857],[12,2,0,0.893],[12,3,1,0.833],[12,4,4,0.751],[12,5,5,0.8],[12,6,3,0.749],[12,7,0,0.9],[12,8,5,0.84],[12,9,0,0.951],[12,10,5,0.838],[12,11,0,0.783],[12,12,0,0.899],[12,13,0,0.935],[12,14,5,0.814],[12,15,5,0.661],[12,16,3,0.833],[12,17,3,0.732],[12,18,1,0.842],[12,19,1,0.779],[12,20,3,0.875],[12,21,1,0.81],[13,0,5,0.702],[13,1,0,0.853],[13,2,0,0.928],[13,3,0,0.939],[13,4,4,0.726],[13,5,3,0.775],[13,6,4,0.735],[13,7,1,0.846],[13,8,3,0.811],[13,9,0,0.911],[13,10,3,0.702],[13,11,4,0.768],[13,12,1,0.845],[13,13,3,0.704],[13,14,0,0.885],[13,15,3,0.777],[13,16,1,0.868],[13,17,1,0.829],[13,18,4,0.723],[13,19,1,0.806],[13,20,4,0.808],[13,21,0,0.7],[14,0,0,0.927],[14,1,0,0.938],[14,2,0,0.933],[14,3,0,0.882],[14,4,1,0.815],[14,5,5,0.692],[14,6,3,0.794],[14,7,2,0.95],[14,8,0,0.822],[14,9,0,0.802],[14,10,0,0.853],[14,11,1,0.821],[14,12,0,0.916],[14,13,3,0.856],[14,14,4,0.744],[14,15,1,0.817],[14,16,0,0.764],[14,17,1,0.871],[14,18,0,0.783],[14,19,3,0.747],[14,20,4,0.809],[14,21,3,0.853],[15,0,5,0.811],[15,1,0,0.941],[15,2,4,0.783],[15,3,3,0.826],[15,4,1,0.894],[15,5,1,0.858],[15,6,3,0.84],[15,7,2,0.978],[15,8,0,0.88],[15,9,1,0.872],[15,10,4,0.817],[15,11,0,0.785],[15,12,4,0.722],[15,13,4,0.817],[15,14,3,0.768],[15,15,4,0.692],[15,16,3,0.83],[15,17,1,0.888],[15,18,1,0.801],[15,19,1,0.762],[15,20,0,0.817],[15,21,1,0.827],[16,0,1,0.819],[16,1,1,0.741],[16,2,1,0.788],[16,3,4,0.675],[16,4,3,0.742],[16,5,3,0.79],[16,6,2,0.807],[16,7,1,0.758],[16,8,2,0.802],[16,9,1,0.876],[16,10,1,0.833],[16,11,0,0.766],[16,12,1,0.852],[16,13,1,0.887],[16,14,4,0.777],[16,15,4,0.696],[16,16,1,0.875],[16,17,3,0.717],[16,18,1,0.843],[16,19,0,0.803],[16,20,0,0.862],[16,21,2,0.794],[17,0,1,0.747],[17,1,3,0.702],[17,2,4,0.791],[17,3,2,0.906],[17,4,1,0.767],[17,5,3,0.853],[17,6,1,0.76],[17,7,1,0.762],[17,8,3,0.794],[17,9,0,0.779],[17,10,0,0.939],[17,11,5,0.757],[17,12,1,0.849],[17,13,2,0.963],[17,14,1,0.8],[17,15,3,0.818],[17,16,0,0.804],[17,17,1,0.783],[17,18,3,0.811],[17,19,1,0.786],[17,20,2,0.814],[17,21,1,0.82],[18,0,3,0.885],[18,1,1,0.874],[18,2,3,0.843],[18,3,1,0.871],[18,4,3,0.811],[18,5,3,0.852],[18,6,4,0.698],[18,7,2,0.791],[18,8,1,0.789],[18,9,0,0.921],[18,10,0,0.943],[18,11,0,0.916],[18,12,0,0.907],[18,13,4,0.791],[18,14,4,0.807],[18,15,1,0.766],[18,16,1,0.842],[18,17,1,0.775],[18,18,3,0.823],[18,19,3,0.816],[18,20,1,0.891],[18,21,1,0.774],[19,0,1,0.756],[19,1,1,0.738],[19,2,1,0.794],[19,3,3,0.768],[19,4,1,0.8],[19,5,3,0.847],[19,6,3,0.76],[19,7,4,0.758],[19,8,2,0.924],[19,9,0,0.901],[19,10,5,0.752],[19,11,5,0.729],[19,12,5,0.732],[19,13,3,0.754],[19,14,3,0.786],[19,15,1,0.799],[19,16,1,0.724],[19,17,3,0.763],[19,18,3,0.887],[19,19,1,0.792],[19,20,1,0.805],[19,21,1,0.858],[20,0,3,0.83],[20,1,3,0.83],[20,2,3,0.873],[20,3,3,0.772],[20,4,3,0.867],[20,5,0,0.819],[20,6,4,0.806],[20,7,4,0.701],[20,8,1,0.871],[20,9,0,0.893],[20,10,0,0.868],[20,11,5,0.809],[20,12,3,0.833],[20,13,1,0.834],[20,14,4,0.717],[20,15,1,0.82],[20,16,0,0.759],[20,17,4,0.716],[20,18,3,0.784],[20,19,1,0.83],[20,20,4,0.777],[20,21,1,0.852],[21,0,1,0.862],[21,1,1,0.893],[21,2,1,0.75],[21,3,4,0.828],[21,4,0,0.729],[21,5,1,0.86],[21,6,1,0.889],[21,7,4,0.727],[21,8,4,0.714],[21,9,3,0.846],[21,10,0,0.907],[21,11,1,0.797],[21,12,2,0.855],[21,13,1,0.771],[21,14,1,0.741],[21,15,1,0.762],[21,16,1,0.763],[21,17,3,0.822],[21,18,3,0.893],[21,19,3,0.803],[21,20,3,0.797],[21,21,3,0.781]],"counts":{"built_up":133,"vegetation":147,"water":19,"cropland":105,"bare":62,"road":18}},"2024":{"grid":{"x0":77.45,"y0":12.82,"dx":0.014999999999999923,"dy":0.015454545454545448,"nx":22,"ny":22},"classes":["built_up","vegetation","water","cropland","bare","road"],"colors":["#FA0000","#1E9D2D","#1A5BAB","#FFEE00","#B4B4B4","#FF8C00"],